{
  "schema_version": 3,
  "generator": "experiments.measure",
  "measurement": "finite_size_interior",
  "config": {
    "policy": "powered",
    "lambda": 0.2,
    "n_and_seeds": [
      [
        300,
        32
      ],
      [
        600,
        32
      ],
      [
        1200,
        24
      ],
      [
        2400,
        16
      ],
      [
        4800,
        12
      ],
      [
        9600,
        12
      ],
      [
        24000,
        10
      ],
      [
        48000,
        8
      ],
      [
        200000,
        6
      ]
    ],
    "mode_treat": "lightspeed",
    "stepping": "event",
    "shells_nn": {
      "interior_1nn": 1.0,
      "interior_2nn": 2.0
    },
    "note": "tax on interior stars only (target >= shell mean-NN distances from any wall)"
  },
  "data": {
    "300": {
      "n_seeds": 32,
      "all": {
        "n": 32,
        "median": 17.98585203855196,
        "iqr_lo": 15.063091482649844,
        "iqr_hi": 26.701119724375538,
        "ci_lo": 15.637530072173217,
        "ci_hi": 22.08772443403591,
        "mean": 20.05708326736777,
        "seeds_pos": 31,
        "seeds_nonzero": 32,
        "p": 1.5366822481155396e-08
      },
      "interior_1nn": {
        "n": 32,
        "median": 15.720106066390866,
        "iqr_lo": 11.347517730496454,
        "iqr_hi": 26.682692307692307,
        "ci_lo": 12.37896621075257,
        "ci_hi": 21.091954022988503,
        "mean": 19.247583854831408,
        "seeds_pos": 29,
        "seeds_nonzero": 32,
        "p": 2.5560148060321808e-06
      },
      "interior_2nn": {
        "n": 32,
        "median": 9.609180073991224,
        "iqr_lo": -0.43103448275862066,
        "iqr_hi": 23.333333333333332,
        "ci_lo": 0.3416533297011385,
        "ci_hi": 19.962292609351433,
        "mean": 18.374249620509694,
        "seeds_pos": 22,
        "seeds_nonzero": 32,
        "p": 0.050102459732443094
      },
      "interior_2nn_settled_frac": {
        "n": 32,
        "median": 0.59,
        "iqr_lo": 0.5733333333333334,
        "iqr_hi": 0.6066666666666667,
        "ci_lo": 0.5833333333333334,
        "ci_hi": 0.6,
        "mean": 0.5923958333333333,
        "seeds_pos": 32,
        "seeds_nonzero": 32,
        "p": 4.656612873077393e-10
      }
    },
    "600": {
      "n_seeds": 32,
      "all": {
        "n": 32,
        "median": 18.879817981045207,
        "iqr_lo": 17.664127675009066,
        "iqr_hi": 23.5316997277324,
        "ci_lo": 18.08552373479796,
        "ci_hi": 22.336577002801622,
        "mean": 20.0400002702021,
        "seeds_pos": 32,
        "seeds_nonzero": 32,
        "p": 4.656612873077393e-10
      },
      "interior_1nn": {
        "n": 32,
        "median": 21.462314240123565,
        "iqr_lo": 16.19217081850534,
        "iqr_hi": 29.06857727737973,
        "ci_lo": 17.923871206893665,
        "ci_hi": 25.312155197698292,
        "mean": 24.00846295858438,
        "seeds_pos": 32,
        "seeds_nonzero": 32,
        "p": 4.656612873077393e-10
      },
      "interior_2nn": {
        "n": 32,
        "median": 22.788395799565208,
        "iqr_lo": 13.176895306859207,
        "iqr_hi": 47.920433996383366,
        "ci_lo": 15.778170973587706,
        "ci_hi": 37.28404430977772,
        "mean": 32.3278025020469,
        "seeds_pos": 29,
        "seeds_nonzero": 32,
        "p": 2.5560148060321808e-06
      },
      "interior_2nn_settled_frac": {
        "n": 32,
        "median": 0.6508333333333334,
        "iqr_lo": 0.6433333333333333,
        "iqr_hi": 0.665,
        "ci_lo": 0.6466666666666666,
        "ci_hi": 0.6608333333333334,
        "mean": 0.6540104166666667,
        "seeds_pos": 32,
        "seeds_nonzero": 32,
        "p": 4.656612873077393e-10
      }
    },
    "1200": {
      "n_seeds": 24,
      "all": {
        "n": 24,
        "median": 17.20279816726349,
        "iqr_lo": 14.04248419004378,
        "iqr_hi": 21.20717781402936,
        "ci_lo": 15.061538461538463,
        "ci_hi": 20.448877805486283,
        "mean": 17.763559929365055,
        "seeds_pos": 24,
        "seeds_nonzero": 24,
        "p": 1.1920928955078125e-07
      },
      "interior_1nn": {
        "n": 24,
        "median": 20.564856859026072,
        "iqr_lo": 15.413028878441906,
        "iqr_hi": 25.146627565982406,
        "ci_lo": 16.339292925884916,
        "ci_hi": 24.566273421235255,
        "mean": 22.213136868803954,
        "seeds_pos": 24,
        "seeds_nonzero": 24,
        "p": 1.1920928955078125e-07
      },
      "interior_2nn": {
        "n": 24,
        "median": 22.72394734158148,
        "iqr_lo": 15.110441767068272,
        "iqr_hi": 33.531157270029674,
        "ci_lo": 17.477195190093084,
        "ci_hi": 29.139465875370917,
        "mean": 27.31540444822585,
        "seeds_pos": 23,
        "seeds_nonzero": 24,
        "p": 2.9802322387695312e-06
      },
      "interior_2nn_settled_frac": {
        "n": 24,
        "median": 0.71625,
        "iqr_lo": 0.7091666666666666,
        "iqr_hi": 0.725,
        "ci_lo": 0.7112499999999999,
        "ci_hi": 0.7225,
        "mean": 0.7160763888888889,
        "seeds_pos": 24,
        "seeds_nonzero": 24,
        "p": 1.1920928955078125e-07
      }
    },
    "2400": {
      "n_seeds": 16,
      "all": {
        "n": 16,
        "median": 16.06472676716868,
        "iqr_lo": 14.362695789624947,
        "iqr_hi": 18.502748316172486,
        "ci_lo": 13.98564112122359,
        "ci_hi": 18.17268658549623,
        "mean": 15.970259987606326,
        "seeds_pos": 16,
        "seeds_nonzero": 16,
        "p": 3.0517578125e-05
      },
      "interior_1nn": {
        "n": 16,
        "median": 19.431274764312064,
        "iqr_lo": 16.51376146788991,
        "iqr_hi": 28.73100983020554,
        "ci_lo": 16.51376146788991,
        "ci_hi": 24.32510931683003,
        "mean": 21.8400170334341,
        "seeds_pos": 16,
        "seeds_nonzero": 16,
        "p": 3.0517578125e-05
      },
      "interior_2nn": {
        "n": 16,
        "median": 16.783618098822167,
        "iqr_lo": 14.432989690721648,
        "iqr_hi": 38.42487517022242,
        "ci_lo": 14.432989690721648,
        "ci_hi": 28.551583982541224,
        "mean": 23.04375993142041,
        "seeds_pos": 16,
        "seeds_nonzero": 16,
        "p": 3.0517578125e-05
      },
      "interior_2nn_settled_frac": {
        "n": 16,
        "median": 0.7704166666666667,
        "iqr_lo": 0.7641666666666667,
        "iqr_hi": 0.7758333333333334,
        "ci_lo": 0.7641666666666667,
        "ci_hi": 0.7741666666666667,
        "mean": 0.77,
        "seeds_pos": 16,
        "seeds_nonzero": 16,
        "p": 3.0517578125e-05
      }
    },
    "4800": {
      "n_seeds": 12,
      "all": {
        "n": 12,
        "median": 12.812033463002741,
        "iqr_lo": 11.620994872129863,
        "iqr_hi": 15.059108006448147,
        "ci_lo": 10.462035054529247,
        "ci_hi": 14.263626841154771,
        "mean": 12.442377701351196,
        "seeds_pos": 12,
        "seeds_nonzero": 12,
        "p": 0.00048828125
      },
      "interior_1nn": {
        "n": 12,
        "median": 14.050916756127222,
        "iqr_lo": 11.62725853223288,
        "iqr_hi": 16.83377594710314,
        "ci_lo": 11.197857172312219,
        "ci_hi": 16.126625695185286,
        "mean": 14.918932891187572,
        "seeds_pos": 12,
        "seeds_nonzero": 12,
        "p": 0.00048828125
      },
      "interior_2nn": {
        "n": 12,
        "median": 15.643024694097527,
        "iqr_lo": 12.641587432823481,
        "iqr_hi": 19.07889197608824,
        "ci_lo": 11.473194221781291,
        "ci_hi": 18.171605650546148,
        "mean": 15.864827703702884,
        "seeds_pos": 12,
        "seeds_nonzero": 12,
        "p": 0.00048828125
      },
      "interior_2nn_settled_frac": {
        "n": 12,
        "median": 0.8171875,
        "iqr_lo": 0.8122916666666666,
        "iqr_hi": 0.8189583333333333,
        "ci_lo": 0.8120833333333333,
        "ci_hi": 0.81875,